themes_keyword,theme_groups
podcast,Brand
brand,Brand
opinion,Brand
logo,Brand
sponsor,Brand
franchise,Brand
fan,Brand
promise,Brand
brewer,Brand
business,Brand
company,Brand
news,Brand
dealership,Brand
doughnut,Complements
croissant,Complements
dairy,Complements
burger,Complements
sushi,Complements
waffle,Complements
omelette,Complements
brownie,Complements
combo,Complements
cupcake,Complements
food,Complements
cake,Complements
recipe,Complements
egg,Complements
snack,Complements
cheese,Complements
pastry,Complements
sandwich,Complements
cookie,Complements
chicken,Complements
muffin,Complements
bread,Complements
toast,Complements
pie,Complements
potato,Complements
salad,Complements
biscuit,Complements
chill,Complements
scoop,Complements
oatmeal,Complements
sausage,Complements
corn,Complements
fry,Complements
fish,Complements
sauce,Complements
vegetable,Complements
pizza,Complements
lobster,Complements
cereal,Complements
cracker,Complements
nut,Complements
fruit,Complements
banana,Complements
yogurt,Complements
oat,Complements
pecan,Complements
cheesecake,Complements
donut,Complements
icecream,Complements
veggie,Complements
gourmet,Complements
biscotti,Complements
poverty,Consumer
work,Consumer
community,Consumer
wake,Consumer
order,Consumer
change,Consumer
help,Consumer
support,Consumer
study,Consumer
student,Consumer
problem,Consumer
deal,Consumer
travel,Consumer
care,Consumer
country,Consumer
education,Consumer
law,Consumer
war,Consumer
region,Consumer
response,Consumer
responsibility,Consumer
youth,Consumer
resource,Consumer
migrant,Consumer
migration,Consumer
nation,Consumer
future,Consumer
continent,Consumer
planet,Consumer
millennials,Consumer
man,Consumer
girl,Consumer
woman,Consumer
lady,Consumer
teacher,Consumer
cop,Consumer
worker,Consumer
doctor,Consumer
king,Consumer
gay,Consumer
teen,Consumer
gang,Consumer
comedian,Consumer
tradition,Consumer
nature,Consumer
society,Consumer
socialism,Consumer
century,Consumer
president,Consumer
world,Consumer
men,Consumer
earth,Consumer
farmer,Consumer
city,Consumer
state,Consumer
people,Consumer
officer,Consumer
manager,Consumer
industry,Consumer
department,Consumer
athlete,Consumer
judge,Consumer
impact,Consumer
consumer,Consumer
product,Consumer
customer,Consumer
necessity,Consumer
sale,Consumer
police,Consumer
price,Cost
cost,Cost
amount,Cost
value,Cost
dollar,Cost
share,Cost
fund,Cost
cent,Cost
investment,Cost
equity,Cost
loss,Cost
figure,Cost
balance,Cost
net,Cost
tip,Cost
dime,Cost
essence,Cost
money,Cost
premium,Cost
buy,Cost
purchase,Cost
offer,Cost
worth,Cost
cash,Cost
discount,Cost
fee,Cost
expensive,Cost
cheap,Cost
return,Cost
wait,Cost
iced,Customization
bagel,Customization
cocoa,Customization
malt,Customization
gelato,Customization
barley,Customization
oil,Customization
chocolate,Customization
cream,Customization
butter,Customization
mix,Customization
water,Customization
bean,Customization
cinnamon,Customization
coconut,Customization
caramel,Customization
spice,Customization
syrup,Customization
peppermint,Customization
blueberry,Customization
almond,Customization
soy,Customization
powder,Customization
leaf,Customization
pepper,Customization
maple,Customization
walnut,Customization
cacao,Customization
turmeric,Customization
hazelnut,Customization
herb,Customization
cherry,Customization
stuff,Customization
floor,Customization
ice,Customization
caffeine,Customization
extract,Customization
espresso,Customization
latte,Customization
mocha,Customization
arabica,Customization
cappuccino,Customization
macchiato,Customization
pumpkin,Customization
filter,Customization
variety,Customization
variant,Customization
type,Customization
mouthfeel,Health
indulgence,Health
service,Health
view,Health
pleasure,Health
goodness,Health
appreciation,Health
color,Health
smile,Health
feel,Health
look,Health
hope,Health
mood,Health
hell,Health
touch,Health
enjoy,Health
nightmare,Health
heaven,Health
delight,Health
feeling,Health
experience,Health
vegan,Health
ketogenic,Health
decaf,Health
cigar,Health
health,Health
wellness,Health
sugar,Health
fat,Health
gas,Health
nitro,Health
keto,Health
tummy,Health
age,Health
healthcare,Health
heart,Health
stomach,Health
eye,Health
brain,Health
anxiety,Health
headache,Health
pain,Health
capsule,Health
stress,Health
bone,Health
gut,Health
cigarette,Health
hair,Health
fitness,Health
diet,Health
protein,Health
antioxidant,Health
ketosis,Health
carb,Health
addict,Health
weed,Health
calorie,Health
acid,Health
fiber,Health
jitter,Health
stimulant,Health
lactose,Health
nutrient,Health
cannabis,Health
acidity,Health
bio,Health
benefit,Health
head,Health
habit,Health
addiction,Health
weight,Health
blood,Health
drug,Health
disease,Health
purpose,Health
therapy,Health
medication,Health
cancer,Health
cell,Health
body,Health
teeth,Health
finger,Health
walk,Health
run,Health
leg,Health
energy,Health
fit,Health
nose,Health
alcoholic,Health
alcoholism,Health
granny,Occasion
friend,Occasion
mom,Occasion
family,Occasion
lover,Occasion
boy,Occasion
dad,Occasion
child,Occasion
husband,Occasion
sister,Occasion
father,Occasion
baby,Occasion
wife,Occasion
mother,Occasion
son,Occasion
grandmother,Occasion
brother,Occasion
parent,Occasion
relationship,Occasion
kid,Occasion
brunch,Occasion
breakfast,Occasion
lunch,Occasion
meal,Occasion
dessert,Occasion
leftover,Occasion
midday,Occasion
dinner,Occasion
everyday,Occasion
birthday,Occasion
wedding,Occasion
marriage,Occasion
show,Occasion
halloween,Occasion
visit,Occasion
party,Occasion
conference,Occasion
anniversary,Occasion
event,Occasion
game,Occasion
trip,Occasion
final,Occasion
performance,Occasion
race,Occasion
stage,Occasion
golf,Occasion
football,Occasion
treat,Occasion
holiday,Occasion
vacation,Occasion
workshop,Occasion
training,Occasion
tribute,Occasion
cruise,Occasion
colleague,Occasion
beverage,Other Drinks
bourbon,Other Drinks
cocktail,Other Drinks
coke,Other Drinks
rum,Other Drinks
liquor,Other Drinks
lager,Other Drinks
ale,Other Drinks
drink,Other Drinks
milk,Other Drinks
tea,Other Drinks
beer,Other Drinks
wine,Other Drinks
soda,Other Drinks
pint,Other Drinks
juice,Other Drinks
whiskey,Other Drinks
matcha,Other Drinks
alcohol,Other Drinks
liquid,Other Drinks
quantity,Packaging/Delivery
measure,Packaging/Delivery
pound,Packaging/Delivery
ounce,Packaging/Delivery
medium,Packaging/Delivery
count,Packaging/Delivery
retailer,Packaging/Delivery
bag,Packaging/Delivery
box,Packaging/Delivery
pack,Packaging/Delivery
lid,Packaging/Delivery
storage,Packaging/Delivery
paper,Packaging/Delivery
steel,Packaging/Delivery
pocket,Packaging/Delivery
shelf,Packaging/Delivery
metal,Packaging/Delivery
packaging,Packaging/Delivery
inch,Packaging/Delivery
packet,Packaging/Delivery
gram,Packaging/Delivery
batch,Packaging/Delivery
package,Packaging/Delivery
shop,Packaging/Delivery
store,Packaging/Delivery
outlet,Packaging/Delivery
dozen,Packaging/Delivery
production,Packaging/Delivery
supply,Packaging/Delivery
delivery,Packaging/Delivery
size,Packaging/Delivery
barrel,Packaging/Delivery
gallon,Packaging/Delivery
coffeehouse,Place
coast,Place
coffeeshop,Place
school,Place
road,Place
area,Place
location,Place
center,Place
park,Place
campus,Place
town,Place
farm,Place
beach,Place
mountain,Place
hall,Place
corner,Place
garden,Place
land,Place
square,Place
forest,Place
facility,Place
mill,Place
house,Place
office,Place
room,Place
kitchen,Place
door,Place
gym,Place
couch,Place
class,Place
spot,Place
point,Place
club,Place
place,Place
college,Place
cafe,Place
home,Place
bar,Place
street,Place
station,Place
restaurant,Place
library,Place
platform,Place
downtown,Place
airport,Place
mall,Place
car,Place
train,Place
space,Place
hotel,Place
ground,Preparation/Consumption
waiter,Preparation/Consumption
brew,Preparation/Consumption
sip,Preparation/Consumption
brewing,Preparation/Consumption
swirl,Preparation/Consumption
bakery,Preparation/Consumption
roast,Preparation/Consumption
grind,Preparation/Consumption
pour,Preparation/Consumption
slice,Preparation/Consumption
boil,Preparation/Consumption
stir,Preparation/Consumption
menu,Preparation/Consumption
eat,Preparation/Consumption
baking,Preparation/Consumption
burn,Preparation/Consumption
tear,Preparation/Consumption
binge,Preparation/Consumption
drinking,Preparation/Consumption
fridge,Preparation/Consumption
shot,Preparation/Consumption
refill,Preparation/Consumption
make,Preparation/Consumption
serve,Preparation/Consumption
shopping,Preparation/Consumption
convenience,Preparation/Consumption
shake,Preparation/Consumption
splurge,Preparation/Consumption
waste,Quality
issue,Quality
foam,Quality
check,Quality
quality,Quality
climate,Seasonality
environment,Seasonality
dry,Seasonality
weather,Seasonality
sun,Seasonality
temperature,Seasonality
wind,Seasonality
rain,Seasonality
summer,Seasonality
season,Seasonality
winter,Seasonality
wave,Seasonality
snow,Seasonality
tide,Seasonality
hot,Seasonality
morning,Setting
hour,Setting
afternoon,Setting
sleep,Setting
light,Setting
fire,Setting
stream,Setting
noon,Setting
midnight,Setting
commute,Setting
weekday,Setting
subscription,Setting
access,Setting
date,Setting
week,Setting
year,Setting
weekend,Setting
month,Setting
yesterday,Setting
meeting,Setting
staff,Setting
monday,Setting
board,Setting
night,Setting
minute,Setting
team,Setting
finish,Setting
win,Setting
set,Setting
history,Setting
tour,Setting
schedule,Setting
semester,Setting
career,Setting
track,Setting
gift,Setting
day,Setting
tomorrow,Setting
conversation,Setting
tonight,Setting
time,Setting
today,Setting
moment,Setting
way,Setting
stay,Setting
rest,Setting
chain,Setting
system,Setting
sunrise,Setting
routine,Setting
drive,Setting
humpday,Setting
surprise,Setting
parking,Setting
border,Setting
flight,Setting
interview,Social_Chat
tweet,Social_Chat
meme,Social_Chat
video,Social_Chat
blog,Social_Chat
website,Social_Chat
press,Social_Chat
report,Social_Chat
comment,Social_Chat
newspaper,Social_Chat
article,Social_Chat
post,Social_Chat
review,Social_Chat
chat,Social_Chat
roasty,Taste
malty,Taste
flavor,Taste
smell,Taste
vanilla,Taste
blend,Taste
aroma,Taste
flavour,Taste
citrus,Taste
sweetness,Taste
taste,Taste
sweet,Taste
yum,Taste
bitterness,Taste
roaster,Utilities
grinder,Utilities
coffeemaker,Utilities
pot,Utilities
dish,Utilities
jar,Utilities
bowl,Utilities
pan,Utilities
blender,Utilities
creamer,Utilities
tumbler,Utilities
dripper,Utilities
maker,Utilities
machine,Utilities
container,Utilities
tray,Utilities
glass,Utilities
mug,Utilities
bottle,Utilities
straw,Utilities
plate,Utilities
mesh,Utilities
pitcher,Utilities
microwave,Utilities
