tweetId,time,text,replies,retweets,likes,entries,keyword
<<<<<<< HEAD
1243576911286034432,2020-03-27 22:03:34,"Our partners (employees) create heart-warming connections every day. When a customer got a flat tire outside one of our stores, Alejandro ran out to assist. He even stopped to take her order.  We're proud to be your partner, Alejandro. 

Read more at  https://sbux.co/39qNQI6Â .pic.twitter.com/CCCe7kmBxx",50,86,1537,"{'hashtags': [], 'urls': ['https://sbux.co/39qNQI6'], 'photos': ['https://pbs.twimg.com/media/EUISlA4XsAA9e-5.jpg'], 'videos': []}",starbucks
1241005762610180096,2020-03-20 19:46:45,"Rewarding my kids with some @Starbucks after they have been home for more than a week - there are 6 of them and I forgot what one of them orders, but Sonja at the Price Chopper knew exactly what it was and made sure everyoneâ€™s order was correct! She said she missed them coming in",7,13,370,"{'hashtags': [], 'urls': [], 'photos': [], 'videos': []}",starbucks
1241494877860327429,2020-03-22 04:10:19,"I escaped to @Starbucks drive-thru today for a few minutes - mostly because I needed to get out. The car in front of me paid for my order & I paid for the car behind me...it was really a nice surprise & showed how weâ€™re all in this together, guys  #PayItForward #coronavirus",8,55,925,"{'hashtags': ['#PayItForward', '#coronavirus'], 'urls': [], 'photos': [], 'videos': []}",starbucks
1243213647574257664,2020-03-26 22:00:06,"Thank you to the healthcare workers and first responders working tirelessly to keep our communities safe.  

Inspired by the generosity of our partners (employees), we are offering all front-line responders a free tall brewed coffee at participating stores in the US.pic.twitter.com/e7Z8aRCtMt",190,587,2541,"{'hashtags': [], 'urls': [], 'photos': ['https://pbs.twimg.com/media/EUDHgkgU8AA_t14.jpg'], 'videos': []}",starbucks
1241325335670599680,2020-03-21 16:56:37,"@MayaJama @BBCR1
I am a carer for the elderly and as we know times are tough around the country right now. But to brighten it up the situation, I just went into starbucks on my break and the amazing barista paid for my food because i was in uniform and its really made my day!",9,15,231,"{'hashtags': [], 'urls': [], 'photos': [], 'videos': []}",starbucks
1241151471468433408,2020-03-21 05:25:44,"Stopped into Starbucks for a coffee before another long ER shift. As the barista handed me my drink she says, â€œand here is your Nurse bag!â€
Inside was a few coffee cakes/yummy snacks. 
Thank you Starbucks on West End in Nashville, you make a difference.pic.twitter.com/5hz25gXw5M",13,266,4393,"{'hashtags': [], 'urls': [], 'photos': ['https://pbs.twimg.com/media/ETl0rkUU8AENrzT.jpg'], 'videos': []}",starbucks
1242804877509537792,2020-03-25 18:55:47,"Thank you Kyle, one of our many partners serving those who are keeping our communities safe. You bring our Mission and Values to life and I could not be more proud. Thank you. https://stories.starbucks.com/stories/2020/starbucks-partners-bring-coffee-and-comfort-to-covid-19-front-line-responders/Â â€¦",35,112,770,"{'hashtags': [], 'urls': [], 'photos': [], 'videos': []}",starbucks
1241475510103760896,2020-03-22 02:53:21,"Starting today, we have temporarily closed our US and Canada in-store cafes, but select grocery and Drive Thru locations remain open. Starbucks Delivers on Uber Eats is also available in select markets.  

For the latest updates, please visit:  http://sbux.co/COVID19Â .pic.twitter.com/qfbLg3IdLS",260,410,2026,"{'hashtags': [], 'urls': ['http://sbux.co/COVID19'], 'photos': ['https://pbs.twimg.com/media/ETqbZDdU0AEFVKn.jpg'], 'videos': []}",starbucks
1240731965902303232,2020-03-20 01:38:47,"We are here for you, even if that looks different these days. For real-time updates on our response to customer and partner (employee) safety, please visit  https://sbux.co/COVID19Â pic.twitter.com/NO2Lm42Jsd",309,116,848,"{'hashtags': [], 'urls': ['https://sbux.co/COVID19'], 'photos': ['https://pbs.twimg.com/media/ETf2OJuVAAAM6_v.jpg'], 'videos': []}",starbucks
1239552545086832642,2020-03-16 19:32:11,"As a part of our ongoing commitment to support partners (employees) mental health, Starbucks will provide all U.S. partners and eligible family members access to 20 sessions a year with a mental health therapist or coach through @LyraHealth. https://sbux.co/LyraÂ ",182,190,1250,"{'hashtags': [], 'urls': [], 'photos': [], 'videos': []}",starbucks
1239304209331138560,2020-03-16 03:05:23,"In accordance with social distancing guidance from the CDC and public health authorities, we are temporarily closing stores in some locations, and moving the majority of our company-operated stores to a ""to go"" model across the U.S. and Canada.  https://sbux.co/COVID-19Â pic.twitter.com/9Y9AD50pPw",460,1298,2908,"{'hashtags': [], 'urls': ['https://sbux.co/COVID-19'], 'photos': ['https://pbs.twimg.com/media/ETLeevtU8AASWMw.jpg'], 'videos': []}",starbucks
1237073566786400256,2020-03-09 23:21:36,"In Starbucks journey to find a more recyclable and compostable hot cup solution, we're trialing a new cup technology in five markets this month in partnership with the NextGen Consortium @LoopFund. Learn more: http://sbux.co/2vQVYUDÂ ",71,77,554,"{'hashtags': [], 'urls': [], 'photos': [], 'videos': []}",starbucks
1236985081681473538,2020-03-09 17:30:00,Longer days mean more time for coffee. ,106,1270,5631,"{'hashtags': [], 'urls': [], 'photos': [], 'videos': []}",starbucks
1236649294448349185,2020-03-08 19:19:35,"Read more about Shannon and Ms. Patti, along with other stories of inspiring women, at  http://sbux.co/whmÂ .",7,15,124,"{'hashtags': [], 'urls': ['http://sbux.co/whm'], 'photos': [], 'videos': []}",starbucks
1236649294448349185,2020-03-08 19:17:03,"As someone without a support system growing up, Ms. Patti knows how valuable friendship with other women can be. 

â€œWomen should always mentor other women to help them gain independence and not have to rely on others.â€pic.twitter.com/bHLOV3aUol",3,8,165,"{'hashtags': [], 'urls': [], 'photos': ['https://pbs.twimg.com/media/ESl2SHuU0AARq49.jpg'], 'videos': []}",starbucks
1236649294448349185,2020-03-08 19:16:21,"After the loss of her own mother, Shannon found comfort in her relationship with Ms. Patti. 

â€œWe have conversations and sheâ€™s very motivating. She encourages me to not give up and to continue to grow.""pic.twitter.com/7tFTWBRo5d",4,7,116,"{'hashtags': [], 'urls': [], 'photos': ['https://pbs.twimg.com/media/ESl2HokUcAIljQZ.jpg'], 'videos': []}",starbucks
1236649294448349185,2020-03-08 19:15:42,"For #InternationalWomensDay we asked our community what they love about a woman in their lives. 

For Shannon, it's her friendship with her customer, Ms. Patti, and the mother-daughter-like bond they share.pic.twitter.com/RFxpaGlMle",56,66,727,"{'hashtags': ['#InternationalWomensDay'], 'urls': [], 'photos': ['https://pbs.twimg.com/media/ESl17kyU4AEKupO.jpg'], 'videos': []}",starbucks
1235928118352678913,2020-03-06 19:30:00,Live life to the fluffiest. pic.twitter.com/07gq28VvCk,61,247,1939,"{'hashtags': [], 'urls': [], 'photos': ['https://pbs.twimg.com/media/ESYwGTWUwAIF79Y.jpg'], 'videos': []}",starbucks
1234927495167655936,2020-03-04 01:13:53,"Came to the Starbucks by my new job yesterday and told the guy it was gonna be my 1st day, today I walked in and he goes â€œJasmine!! How was your first day?!â€ .. heâ€™s so nice! And it was a great first day Starbucks guy!",44,159,14120,"{'hashtags': [], 'urls': [], 'photos': [], 'videos': []}",starbucks
1234825858092634112,2020-03-03 18:30:01,"Coffees just want to have foam.  The light, fluffy #CloudMacchiato in caramel and cocoa.  *Contains eggpic.twitter.com/svbpCelqwF",190,310,3142,"{'hashtags': ['#CloudMacchiato'], 'urls': [], 'photos': [], 'videos': [{'id': 'Sdb_Pge7hahXh4k2'}]}",starbucks
1234614461110968320,2020-03-03 04:30:00,The first word you see is your vibe for spring. pic.twitter.com/zt5yWDz5tW,519,173,1431,"{'hashtags': [], 'urls': [], 'photos': ['https://pbs.twimg.com/media/ER1VzCgVAAEtv77.jpg'], 'videos': []}",starbucks
1234599361708843008,2020-03-03 03:30:00,Are these mist-erious cloud tweets going *over* your head? ,65,66,779,"{'hashtags': [], 'urls': [], 'photos': [], 'videos': []}",starbucks
1234569162627985415,2020-03-03 01:30:00,Tomorrow looks like the perfect day for cloud gazing. ,45,100,953,"{'hashtags': [], 'urls': [], 'photos': [], 'videos': []}",starbucks
1234538967376240640,2020-03-02 23:30:01,Tomorrow's forecast: Cloudy with a chance of caramel and mocha drizzle.  ,34,178,1702,"{'hashtags': [], 'urls': [], 'photos': [], 'videos': []}",starbucks
1234508767632515074,2020-03-02 21:30:00,Are those clouds we see on the horizon? ,61,76,1028,"{'hashtags': [], 'urls': [], 'photos': [], 'videos': []}",starbucks
1234478568450613251,2020-03-02 19:30:00,,59,252,2113,"{'hashtags': [], 'urls': [], 'photos': [], 'videos': []}",starbucks
1234163206899167232,2020-03-01 22:36:52,"All month long weâ€™re spotlighting the women in our lives who inspire usâ€”our friends and family, our mentors and our heroes.  http://sbux.co/WomensHistoryMonthÂ â€¦ #WomensHistoryMonth",18,68,354,"{'hashtags': ['#WomensHistoryMonth'], 'urls': ['http://sbux.co/WomensHistoryMonth'], 'photos': [], 'videos': []}",starbucks
1233768894562738176,2020-02-29 20:30:01,"Typical Saturday: 
#LeapDay Saturday:  

How are you treating yourself today? [emojis only!]",299,106,1521,"{'hashtags': ['#LeapDay'], 'urls': [], 'photos': [], 'videos': []}",starbucks
1233391407529893889,2020-02-28 19:30:01,Think we can all agree that iced coffee.,382,7382,27580,"{'hashtags': [], 'urls': [], 'photos': [], 'videos': []}",starbucks
1233013915723816963,2020-02-27 18:30:00,"Thursday is basically Friday Jr., which is as good a reason as any to treat yourself. ",116,782,4626,"{'hashtags': [], 'urls': [], 'photos': [], 'videos': []}",starbucks
1232670358844530690,2020-02-26 19:44:50,"No need to compromise coziness for calories. 
 StarbucksÂ® Blonde Americano (15 cal)
 Coconutmilk Latte (130 cal)
 Honey Citrus Mint Tea (130 cal)
 London Fog Tea Latte (180 cal)
 Pike PlaceÂ® Roast (5 cal)
 StarbucksÂ® Blonde Cappuccino (120 cal)pic.twitter.com/UZOoyVUGSQ",56,267,1781,"{'hashtags': [], 'urls': [], 'photos': ['https://pbs.twimg.com/media/ERtTFtUUUAEa8R5.jpg'], 'videos': []}",starbucks
1230574854719410176,2020-02-21 00:58:02,"5 drinks to get to know us:

1. Coffee.
2. ð–Žð–ˆð–Šð–‰ ð–ˆð–”ð–‹ð–‹ð–Šð–Š
3. NITRO COLD BREW
4.  Pink Drink 
5. Grande 2 pump vanilla, 1 pump hazelnut, soymilk, extra hot latte",193,312,3663,"{'hashtags': [], 'urls': [], 'photos': [], 'videos': []}",starbucks
1229984380187181056,2020-02-19 09:51:42,"My Starbucks today had surprise: beautiful coloring, and message on the sleeve.   Many thanks to the student at Clow Elementary who created this.  Such an important message.   Really made my day!pic.twitter.com/Sv3wwQlBMl",11,164,1777,"{'hashtags': [], 'urls': [], 'photos': ['https://pbs.twimg.com/media/ERHIRO-W4AMFYD0.jpg'], 'videos': []}",starbucks
1229475600982781953,2020-02-18 00:10:00,"When I pulled up to the window for my daily afternoon iced coffee at Starbucks, three baristas came up to the window and said ""Evan? It's Evan? Hi Evan! We love Evan!!!"" And it was so cute and so pure... Excuse me I'm busy feeling LOVED BY RELATIVE STRANGERS ",34,134,5800,"{'hashtags': [], 'urls': [], 'photos': [], 'videos': []}",starbucks
1229450437906092042,2020-02-17 22:30:01,"Surround yourself with goodness. 
 #CoconutmilkLatte pic.twitter.com/Wqu6rhBZ3g",47,143,1214,"{'hashtags': ['#CoconutmilkLatte'], 'urls': [], 'photos': ['https://pbs.twimg.com/media/EQrsTA7UcAIVb7l.jpg'], 'videos': []}",starbucks
1229390036048629762,2020-02-17 18:30:00,"We've got your Monday motivation in tall, grande and venti. ",107,434,3423,"{'hashtags': [], 'urls': [], 'photos': [], 'videos': []}",starbucks
1228462699605921792,2020-02-15 05:05:05,Music to our ears. Best Valentine's Day ever.  https://twitter.com/TheEllenShow/status/1228434752035684352Â â€¦,13,97,872,"{'hashtags': ['#ThanksSponsor'], 'urls': [], 'photos': [], 'videos': []}",starbucks
1228316506108375041,2020-02-14 19:24:10,"Valentines Day isnâ€™t just about â€œcouplesâ€...itâ€™s about love, something we need more of in this world. Do something for someone else today to spread . Go visit a grandma or grandpa if youâ€™re still blessed to have them. Buy someone behind you a coffee at Starbucks. Spread love.",7,267,1090,"{'hashtags': [], 'urls': [], 'photos': [], 'videos': []}",starbucks
1228378371786186755,2020-02-14 23:30:00,"All you need is love.  

And coffee. ",142,2254,6636,"{'hashtags': [], 'urls': [], 'photos': [], 'videos': []}",starbucks
1228348175502782465,2020-02-14 21:30:01,"Not sure who needs to hear this today, but you are loved. ",158,3458,10337,"{'hashtags': [], 'urls': [], 'photos': [], 'videos': []}",starbucks
1228302876608466944,2020-02-14 18:30:01,Ready to find your perfect match? Perfect beverage match that is.pic.twitter.com/vtomMmK8FE,37,110,806,"{'hashtags': [], 'urls': [], 'photos': ['https://pbs.twimg.com/media/EQqrVJJUUAA9CKN.jpg'], 'videos': []}",starbucks
1227940488851927040,2020-02-13 18:30:01,"Happy Hour's today! 
We'll see you at two.
Get a treat for yourself
and your Valentine too. 

Buy any handcrafted drink, grande or larger, get one free today (2/13) from 2-7pm at participating US & Canada stores.",63,209,1916,"{'hashtags': [], 'urls': [], 'photos': [], 'videos': []}",starbucks
1227593198001774594,2020-02-12 19:30:00,"Itâ€™s almost the day. No time left to wait. Send the right message to your valentineâ€™s date. 

 Dragon Drinkâ€”LOML 
 Pink Drinkâ€”BFFL 
 Violet Drinkâ€”All for me pic.twitter.com/olpg7gUklH",202,1205,9067,"{'hashtags': [], 'urls': [], 'photos': ['https://pbs.twimg.com/media/EQNNvQsUYAAg-C-.jpg'], 'videos': []}",starbucks
1227215711459672064,2020-02-11 18:30:00,Just a reminder. pic.twitter.com/9t3Bu9jPks,30,573,2103,"{'hashtags': [], 'urls': [], 'photos': [], 'videos': [{'id': 'EQcY6XyUYAAX9Dq'}]}",starbucks
1225434062136860672,2020-02-08 05:51:00,The votes are in! pic.twitter.com/mtOixzUK9n,24,60,594,"{'hashtags': [], 'urls': [], 'photos': ['https://pbs.twimg.com/media/EQNnsagUEAAVGs_.jpg'], 'videos': []}",starbucks
1225788569244954624,2020-02-07 19:59:03,"Amount |          ___/
of snow |         /
falling    |  ___/
outside  |/__________
                Amount of
                Cold Brew
                sipped",35,228,2311,"{'hashtags': [], 'urls': [], 'photos': [], 'videos': []}",starbucks
1225434062136860672,2020-02-07 04:30:13,"Sometimes it's not the destination, but the journey.  The nominees for Best Way to Order are:",27,25,274,"{'hashtags': [], 'urls': [], 'photos': [], 'videos': []}",starbucks
1225434062136860672,2020-02-07 03:30:42,"Whether in a drink or a snack, we all have a favorite flavor.  The contestants in this Flavor Face-Off are:",21,24,179,"{'hashtags': [], 'urls': [], 'photos': [], 'videos': []}",starbucks
1225434062136860672,2020-02-07 02:54:11,"Perfect in their own ways, we always find ourselves coming back around to these circular classics.  The nominees for All 'Round Champion are:",16,19,143,"{'hashtags': [], 'urls': [], 'photos': [], 'videos': []}",starbucks
1225434062136860672,2020-02-07 01:35:00,Many of our favorite drinks begin with a simple shot of espresso.  The nominees for Best Espresso Expression are:,17,20,149,"{'hashtags': [], 'urls': [], 'photos': [], 'videos': []}",starbucks
1225434062136860672,2020-02-07 00:30:43,Every coffee needs a scrumptious sidekick.  The nominees for Pastry Perfection are:,38,24,165,"{'hashtags': [], 'urls': [], 'photos': [], 'videos': []}",starbucks
1225434062136860672,2020-02-06 23:29:12,"From cozy to refreshing, there's a tea for everyone.  Introducing the nominees for Tea in a Leafing Role:",19,18,155,"{'hashtags': [], 'urls': [], 'photos': [], 'videos': []}",starbucks
1225434062136860672,2020-02-06 22:36:46,"Meatless but mighty, you canâ€™t go wrong with one of these breakfast champions.  The Nominees for Veggie Victors are:",17,11,104,"{'hashtags': [], 'urls': [], 'photos': [], 'videos': []}",starbucks
1225434062136860672,2020-02-06 21:33:52,"From a simplistic white dot to intricate layers and bold colors, these are the nominees for Best Dressed Drink. ",31,22,139,"{'hashtags': [], 'urls': [], 'photos': [], 'videos': []}",starbucks
1225434062136860672,2020-02-06 20:30:22,"Starbucks Favorites is back again for another year of voting for the things you love. 

We're kicking things off with the hottest thing in coffee, which is also the coolest.  Presenting, the Battle of the Cold Brew:",157,88,700,"{'hashtags': [], 'urls': [], 'photos': [], 'videos': []}",starbucks
1225103706812637184,2020-02-05 22:37:39,How do you drink your Iced Coffee?,903,142,2256,"{'hashtags': [], 'urls': [], 'photos': [], 'videos': []}",starbucks
1225076690360995841,2020-02-05 20:50:18,"Iced, no matter what. pic.twitter.com/QiX8IAQvGb",35,343,2065,"{'hashtags': [], 'urls': [], 'photos': ['https://pbs.twimg.com/media/EQBYuo9U0AEdRzn.jpg'], 'videos': []}",starbucks
1224739273498214400,2020-02-04 22:32:14,"â€œWe all need to have a fair chance to do what we want to do. How you live, how you love, what you want to believe. Thatâ€™s how I want to be seen.â€

Donise, a Starbucks lawyer & American Bar Association Spirit of Excellence award recipient, is an advocate for workplace diversity.pic.twitter.com/G4TfdZZCeK",9,27,208,"{'hashtags': [], 'urls': [], 'photos': ['https://pbs.twimg.com/media/EP8mfuoUcAExJ1w.jpg'], 'videos': []}",starbucks
1224739273498214400,2020-02-04 22:31:21,"""We're not a monolithic group. If I don't tell you my story, how would you know that I didn't share the experiences of the other Black people here?""

Edna, member of the Ga tribe of Ghana and Starbucks legal practice assistant, takes pride in her story and identity.pic.twitter.com/6sNZVMcKOe",3,27,221,"{'hashtags': [], 'urls': [], 'photos': ['https://pbs.twimg.com/media/EP8mSpZVUAAa8II.jpg'], 'videos': []}",starbucks
1224739273498214400,2020-02-04 22:30:08,"â€œI know there are a lot of people like me out there. I can use my story and my store and my resources, and show them the pathway forward and help advance their growth and development.â€

Casey is driven to use his visibility as a store manager to raise up other leaders of color.pic.twitter.com/1tmfd209MV",2,10,147,"{'hashtags': [], 'urls': [], 'photos': ['https://pbs.twimg.com/media/EP8mA-QU4AAQQx-.jpg'], 'videos': []}",starbucks
=======
1253719149974446080,2020-04-24 21:45:12,"Because we could all use a dose of pawsitivity. 
 on IG: Toco (minipoodletoco), Cooper (keepingupwithcooop), Ollie (ollie.the.goodboy), Colby (ourfrenchiescoffeeandcolby)pic.twitter.com/VHe3YnHDIl",53,321,2271,"{'hashtags': [], 'urls': [], 'photos': ['https://pbs.twimg.com/media/EWYa6xCU4AATkrD.jpg', 'https://pbs.twimg.com/media/EWYa6xFU8AASONw.jpg', 'https://pbs.twimg.com/media/EWYa6xBUMAEUCvk.jpg', 'https://pbs.twimg.com/media/EWYa6xiU0AMRwUs.jpg'], 'videos': []}",starbucks
1253322520603750401,2020-04-23 19:29:09,"Photos (L-R): Danielle M. (Facebook), akilah_and_the_beee (Instagram), @christyann20, stvimresidency (Instagram), morganferguson (Instagram), tiffcoycarlson (Instagram), @ls_carolinas, ninerz86 (Instagram), mercymusicians (Instagram)",2,6,81,"{'hashtags': [], 'urls': [], 'photos': [], 'videos': []}",starbucks
1253322520603750401,2020-04-23 19:29:09,"To all the healthcare workers and first responders, you are not alone. As you serve your communities, we're proud to serve you with 1 million free cups of coffee and counting. Thank you for all you do. pic.twitter.com/TjUYSdHkMD",45,179,1734,"{'hashtags': [], 'urls': [], 'photos': ['https://pbs.twimg.com/media/EWSxJ3TUYAMa6Eb.jpg'], 'videos': []}",starbucks
1252960795241021442,2020-04-22 19:31:47,"We opened Hacienda Alsacia to ensure the future of coffee for all. There, scientists and farmers discovered how to grow twice the crop using less power and water and are sharing that research with coffee farms around the world.

We're in it together, especially on #EarthDay.pic.twitter.com/RyFQIEIV3k",26,75,449,"{'hashtags': ['#EarthDay'], 'urls': [], 'photos': [], 'videos': [{'id': 'kCn8aO31js12HjSO'}]}",starbucks
1252596637152636930,2020-04-21 19:28:38,"Making yourself a pour-over not only highlights the finer flavors of your coffee, itâ€™s also a way to slow down and focus on a single, soothing task.  (Tap to expand)pic.twitter.com/JlgaRahtrT",10,32,303,"{'hashtags': [], 'urls': [], 'photos': ['https://pbs.twimg.com/media/EWIemE2VcAExbWT.jpg'], 'videos': []}",starbucks
1252596637152636930,2020-04-21 19:26:33,"A coffee press may seem intimidating, but done right itâ€™s one of the best ways to experience the full flavor of your coffee. Itâ€™s also easier than you think.  (Tap to expand)pic.twitter.com/BHeolQF3tu",9,76,507,"{'hashtags': [], 'urls': [], 'photos': ['https://pbs.twimg.com/media/EWIeIWgU0AEHQdg.jpg'], 'videos': []}",starbucks
1252596637152636930,2020-04-21 19:24:45,"Youâ€™ve likely been making coffee in your at-home coffee brewer for years, but a few adjustments can take your morning cup from good to great.  (Tap to expand)pic.twitter.com/EBjeJPw1Iu",75,229,1523,"{'hashtags': [], 'urls': [], 'photos': ['https://pbs.twimg.com/media/EWIdmz_U0AYTdDG.jpg'], 'videos': []}",starbucks
1252235572267102209,2020-04-20 19:30:00,"Open a window.
Call a loved one.
Drink coffee out of your favorite mug.

We've got this. ",129,1052,5112,"{'hashtags': [], 'urls': [], 'photos': [], 'videos': []}",starbucks
1251149378753986561,2020-04-17 19:33:51,Whoâ€™s drinking coffee at home right now? Drop your coffee selfie below! ,1063,253,5186,"{'hashtags': [], 'urls': [], 'photos': [], 'videos': []}",starbucks
1250801543948967941,2020-04-16 20:31:52,"Additionally, The Starbucks Foundation is donating $1 million and weâ€™re proud to partner with @FeedingAmerica to provide 700,000 meals. ",19,45,349,"{'hashtags': [], 'urls': [], 'photos': [], 'videos': []}",starbucks
1250801543948967941,2020-04-16 20:31:41,"Millions more Americans could face hunger due to the impacts of COVID-19. If you are able, please join us in providing relief to our neighbors in need with a donation to @FeedingAmerica.  http://feedingamerica.org/starbuckstwitterÂ â€¦pic.twitter.com/0eMQcb4UYK",32,104,578,"{'hashtags': [], 'urls': ['http://feedingamerica.org/starbuckstwitter'], 'photos': ['https://pbs.twimg.com/media/EVu9DHTXgAEQ0jO.jpg'], 'videos': []}",starbucks
1250438959785598978,2020-04-15 20:33:10," FreshnessÂ 

Store your coffee beans in an airtight container in a cool, dry place for up to a week. Never store your coffee in the freezer. 

If possible, grind right before using.",21,46,411,"{'hashtags': [], 'urls': [], 'photos': [], 'videos': []}",starbucks
1250438959785598978,2020-04-15 20:32:41," WaterÂ 

Heat water to just before boiling to bring out the full flavor of the coffee. 

For best results, use filtered water.",12,32,344,"{'hashtags': [], 'urls': [], 'photos': [], 'videos': []}",starbucks
1250438959785598978,2020-04-15 20:32:11," Grind  

A coarse grind looks like sea salt, while a fine grind resembles sugar.

Not sure which grind to use? As a general rule, the shorter the brew time, the finer the grind.",5,23,262,"{'hashtags': [], 'urls': [], 'photos': [], 'videos': []}",starbucks
1250438959785598978,2020-04-15 20:31:12," Proportion  

For the best cup of coffee, measure 2tbsp (10g) of ground coffee per 6oz water. 

That ratio too strong for your taste? Add hot water to your coffee after brewing rather than using less coffee to avoid it tasting bitter.",9,47,422,"{'hashtags': [], 'urls': [], 'photos': [], 'videos': []}",starbucks
1250438959785598978,2020-04-15 20:30:54,"If you find youâ€™re making more coffee at home these days, itâ€™s a good time to refresh your knowledge of the four fundamentals of coffee:

 Proportion
 GrindÂ 
 WaterÂ 
 Freshness",91,336,2306,"{'hashtags': [], 'urls': [], 'photos': [], 'videos': []}",starbucks
1249788535302955008,2020-04-14 01:26:21,Tell us something that made you smile today. pic.twitter.com/Dx0fhue0x5,558,432,2771,"{'hashtags': [], 'urls': [], 'photos': ['https://pbs.twimg.com/media/EVgjsHMXsAI96kb.jpg'], 'videos': []}",starbucks
1247998177816576001,2020-04-09 02:52:06,Your support makes this possible. Thank you.  https://twitter.com/StarbucksNews/status/1247859781089423361Â â€¦,79,97,1103,"{'hashtags': [], 'urls': [], 'photos': [], 'videos': []}",starbucks
1247900812715515908,2020-04-08 20:25:13,Check in with each other. We'll get through this together. ,166,1222,5871,"{'hashtags': [], 'urls': [], 'photos': [], 'videos': []}",starbucks
1247193304929689600,2020-04-06 21:36:01,pic.twitter.com/pixP92guGC,10,165,669,"{'hashtags': [], 'urls': [], 'photos': ['https://pbs.twimg.com/media/EU7sEbKUEAMOLrF.jpg'], 'videos': []}",starbucks
1247193304929689600,2020-04-06 21:35:01,pic.twitter.com/6zF0uJMnuu,6,184,769,"{'hashtags': [], 'urls': [], 'photos': ['https://pbs.twimg.com/media/EU7rzp9UUAA7RF7.jpg'], 'videos': []}",starbucks
1247193304929689600,2020-04-06 21:33:50,"Coffee breaks look a little different these days. However you're feeling, here are some small ways to get that welcome escape. pic.twitter.com/FmZItrysm6",60,439,2185,"{'hashtags': [], 'urls': [], 'photos': ['https://pbs.twimg.com/media/EU7rczYUUAE14xY.jpg'], 'videos': []}",starbucks
1246152252873560065,2020-04-04 00:37:04," Over the past few weeks, our partners (employees) have been finding ways to show their support and gratitude for those serving on the front line of COVID-19. We're so proud of their efforts. 

Take a look: https://twitter.com/i/moments/784221042512306176Â â€¦",32,71,429,"{'hashtags': [], 'urls': [], 'photos': [], 'videos': []}",starbucks
1244791485100429316,2020-03-31 06:29:51,Picked up a pile of @Starbucks gift cards to share gratitude with all the â€œfront line workersâ€ we encounter during this surreal time. pic.twitter.com/GPvwepn6CG,11,34,577,"{'hashtags': [], 'urls': [], 'photos': ['https://pbs.twimg.com/media/EUZjQW9UEAA4SuL.jpg'], 'videos': []}",starbucks
1246105722506506240,2020-04-03 21:32:10,pic.twitter.com/xtdTNRJbIr,118,2168,7649,"{'hashtags': [], 'urls': [], 'photos': ['https://pbs.twimg.com/media/EUsOXbOUcAAcxnY.jpg'], 'videos': []}",starbucks
1244333605796507653,2020-03-30 00:10:24,"The lady in front of me in the @Starbucks drive-thru paid for my coffee this morning. I paid for the folks behind me. Hey, letâ€™s keep this #Kindness going. When this ends, letâ€™s try and remember to carry over the kindness.pic.twitter.com/TtGMtXiPTL",19,63,743,"{'hashtags': ['#Kindness'], 'urls': [], 'photos': ['https://pbs.twimg.com/media/EUTCyXxUYAEOdqz.jpg', 'https://pbs.twimg.com/media/EUTCyYyUMAIjhPr.jpg'], 'videos': []}",starbucks
1244699001317974029,2020-03-31 00:22:21,"Had to run out to get Nan groceries, so decided to swing by Starbucks. The car in front of me paid for my drink  Thank you stranger. You certainly put a smile on my face in a time where anxiety is taking over!pic.twitter.com/HvEHeLqvUY",19,32,577,"{'hashtags': [], 'urls': [], 'photos': ['https://pbs.twimg.com/media/EUYPJAEX0AARrTK.jpg'], 'videos': []}",starbucks
1245006566052544513,2020-03-31 20:44:31,"This morning, someone paid for my coffee at Starbucks. Their kindness prompted me to return the favor! It felt amazing to know that in times of uncertainty, with a LONG drive thru line at that, someone just wanted to be kind to me. #BeKindGoshen",4,26,323,"{'hashtags': ['#BeKindGoshen'], 'urls': [], 'photos': [], 'videos': []}",starbucks
1245476867814993920,2020-04-02 03:53:19,"Today, The Starbucks Foundation announced its donation of over $3M to bolster COVID-19 response efforts globally and support vulnerable communities locally. This allows us to: https://stories.starbucks.com/press/2020/the-starbucks-foundation-donates-more-than-3m-to-global-covid-19-relief-efforts/?utm_source=twitter&utm_medium=social&utm_campaign=covid19&utm_term=post&utm_content=stories-socialÂ â€¦",19,200,935,"{'hashtags': [], 'urls': [], 'photos': [], 'videos': []}",starbucks
1245097922791964672,2020-04-01 02:47:32,I donâ€™t know who are these wonderful souls that brought @Starbucks coffee to the ED at  Swedish Hospital Chicago this morning. Thank you for doing so. Be safe and keep the faith.pic.twitter.com/jNkyXvslqy,3,19,245,"{'hashtags': [], 'urls': [], 'photos': ['https://pbs.twimg.com/media/EUd59QYXYAEGVYJ.jpg'], 'videos': []}",starbucks
1244655651097178113,2020-03-30 21:30:06,One day at a time. ,302,2268,10643,"{'hashtags': [], 'urls': [], 'photos': [], 'videos': []}",starbucks
1243576911286034432,2020-03-27 22:03:34,"Our partners (employees) create heart-warming connections every day. When a customer got a flat tire outside one of our stores, Alejandro ran out to assist. He even stopped to take her order.  We're proud to be your partner, Alejandro. 

Read more at  https://sbux.co/39qNQI6Â .pic.twitter.com/CCCe7kmBxx",82,112,1733,"{'hashtags': [], 'urls': ['https://sbux.co/39qNQI6'], 'photos': ['https://pbs.twimg.com/media/EUISlA4XsAA9e-5.jpg'], 'videos': []}",starbucks
1241005762610180096,2020-03-20 19:46:45,"Rewarding my kids with some @Starbucks after they have been home for more than a week - there are 6 of them and I forgot what one of them orders, but Sonja at the Price Chopper knew exactly what it was and made sure everyoneâ€™s order was correct! She said she missed them coming in",11,19,415,"{'hashtags': [], 'urls': [], 'photos': [], 'videos': []}",starbucks
1241494877860327429,2020-03-22 04:10:19,"I escaped to @Starbucks drive-thru today for a few minutes - mostly because I needed to get out. The car in front of me paid for my order & I paid for the car behind me...it was really a nice surprise & showed how weâ€™re all in this together, guys  #PayItForward #coronavirus",10,65,1000,"{'hashtags': ['#PayItForward', '#coronavirus'], 'urls': [], 'photos': [], 'videos': []}",starbucks
1243213647574257664,2020-03-26 22:00:06,"Thank you to the healthcare workers and first responders working tirelessly to keep our communities safe.  

Inspired by the generosity of our partners (employees), we are offering all front-line responders a free tall brewed coffee at participating stores in the US.pic.twitter.com/e7Z8aRCtMt",258,663,2835,"{'hashtags': [], 'urls': [], 'photos': ['https://pbs.twimg.com/media/EUDHgkgU8AA_t14.jpg'], 'videos': []}",starbucks
1241325335670599680,2020-03-21 16:56:37,"@MayaJama @BBCR1
I am a carer for the elderly and as we know times are tough around the country right now. But to brighten it up the situation, I just went into starbucks on my break and the amazing barista paid for my food because i was in uniform and its really made my day!",10,20,251,"{'hashtags': [], 'urls': [], 'photos': [], 'videos': []}",starbucks
1241151471468433408,2020-03-21 05:25:44,"Stopped into Starbucks for a coffee before another long ER shift. As the barista handed me my drink she says, â€œand here is your Nurse bag!â€
Inside was a few coffee cakes/yummy snacks. 
Thank you Starbucks on West End in Nashville, you make a difference.pic.twitter.com/5hz25gXw5M",13,279,4456,"{'hashtags': [], 'urls': [], 'photos': ['https://pbs.twimg.com/media/ETl0rkUU8AENrzT.jpg'], 'videos': []}",starbucks
1242804877509537792,2020-03-25 18:55:47,"Thank you Kyle, one of our many partners serving those who are keeping our communities safe. You bring our Mission and Values to life and I could not be more proud. Thank you. https://stories.starbucks.com/stories/2020/starbucks-partners-bring-coffee-and-comfort-to-covid-19-front-line-responders/Â â€¦",37,120,814,"{'hashtags': [], 'urls': [], 'photos': [], 'videos': []}",starbucks
1241475510103760896,2020-03-22 02:53:21,"Starting today, we have temporarily closed our US and Canada in-store cafes, but select grocery and Drive Thru locations remain open. Starbucks Delivers on Uber Eats is also available in select markets.  

For the latest updates, please visit:  http://sbux.co/COVID19Â .pic.twitter.com/qfbLg3IdLS",271,412,2055,"{'hashtags': [], 'urls': ['http://sbux.co/COVID19'], 'photos': ['https://pbs.twimg.com/media/ETqbZDdU0AEFVKn.jpg'], 'videos': []}",starbucks
1240731965902303232,2020-03-20 01:38:47,"We are here for you, even if that looks different these days. For real-time updates on our response to customer and partner (employee) safety, please visit  https://sbux.co/COVID19Â pic.twitter.com/NO2Lm42Jsd",307,125,862,"{'hashtags': [], 'urls': ['https://sbux.co/COVID19'], 'photos': ['https://pbs.twimg.com/media/ETf2OJuVAAAM6_v.jpg'], 'videos': []}",starbucks
1239552545086832642,2020-03-16 19:32:11,"As a part of our ongoing commitment to support partners (employees) mental health, Starbucks will provide all U.S. partners and eligible family members access to 20 sessions a year with a mental health therapist or coach through @LyraHealth. https://sbux.co/LyraÂ ",182,199,1286,"{'hashtags': [], 'urls': [], 'photos': [], 'videos': []}",starbucks
1239304209331138560,2020-03-16 03:05:23,"In accordance with social distancing guidance from the CDC and public health authorities, we are temporarily closing stores in some locations, and moving the majority of our company-operated stores to a ""to go"" model across the U.S. and Canada.  https://sbux.co/COVID-19Â pic.twitter.com/9Y9AD50pPw",456,1290,2926,"{'hashtags': [], 'urls': ['https://sbux.co/COVID-19'], 'photos': ['https://pbs.twimg.com/media/ETLeevtU8AASWMw.jpg'], 'videos': []}",starbucks
1237073566786400256,2020-03-09 23:21:36,"In Starbucks journey to find a more recyclable and compostable hot cup solution, we're trialing a new cup technology in five markets this month in partnership with the NextGen Consortium @LoopFund. Learn more: http://sbux.co/2vQVYUDÂ ",72,80,563,"{'hashtags': [], 'urls': [], 'photos': [], 'videos': []}",starbucks
1236985081681473538,2020-03-09 17:30:00,Longer days mean more time for coffee. ,104,1268,5602,"{'hashtags': [], 'urls': [], 'photos': [], 'videos': []}",starbucks
1236649294448349185,2020-03-08 19:19:35,"Read more about Shannon and Ms. Patti, along with other stories of inspiring women, at  http://sbux.co/whmÂ .",7,18,126,"{'hashtags': [], 'urls': ['http://sbux.co/whm'], 'photos': [], 'videos': []}",starbucks
1236649294448349185,2020-03-08 19:17:03,"As someone without a support system growing up, Ms. Patti knows how valuable friendship with other women can be. 

â€œWomen should always mentor other women to help them gain independence and not have to rely on others.â€pic.twitter.com/bHLOV3aUol",3,11,165,"{'hashtags': [], 'urls': [], 'photos': ['https://pbs.twimg.com/media/ESl2SHuU0AARq49.jpg'], 'videos': []}",starbucks
1236649294448349185,2020-03-08 19:16:21,"After the loss of her own mother, Shannon found comfort in her relationship with Ms. Patti. 

â€œWe have conversations and sheâ€™s very motivating. She encourages me to not give up and to continue to grow.""pic.twitter.com/7tFTWBRo5d",4,8,116,"{'hashtags': [], 'urls': [], 'photos': ['https://pbs.twimg.com/media/ESl2HokUcAIljQZ.jpg'], 'videos': []}",starbucks
1236649294448349185,2020-03-08 19:15:42,"For #InternationalWomensDay we asked our community what they love about a woman in their lives. 

For Shannon, it's her friendship with her customer, Ms. Patti, and the mother-daughter-like bond they share.pic.twitter.com/RFxpaGlMle",56,71,726,"{'hashtags': ['#InternationalWomensDay'], 'urls': [], 'photos': ['https://pbs.twimg.com/media/ESl17kyU4AEKupO.jpg'], 'videos': []}",starbucks
1235928118352678913,2020-03-06 19:30:00,Live life to the fluffiest. pic.twitter.com/07gq28VvCk,61,253,1947,"{'hashtags': [], 'urls': [], 'photos': ['https://pbs.twimg.com/media/ESYwGTWUwAIF79Y.jpg'], 'videos': []}",starbucks
1234927495167655936,2020-03-04 01:13:53,"Came to the Starbucks by my new job yesterday and told the guy it was gonna be my 1st day, today I walked in and he goes â€œJasmine!! How was your first day?!â€ .. heâ€™s so nice! And it was a great first day Starbucks guy!",44,162,14071,"{'hashtags': [], 'urls': [], 'photos': [], 'videos': []}",starbucks
1234825858092634112,2020-03-03 18:30:01,"Coffees just want to have foam.  The light, fluffy #CloudMacchiato in caramel and cocoa.  *Contains eggpic.twitter.com/svbpCelqwF",188,316,3138,"{'hashtags': ['#CloudMacchiato'], 'urls': [], 'photos': [], 'videos': [{'id': 'Sdb_Pge7hahXh4k2'}]}",starbucks
1234614461110968320,2020-03-03 04:30:00,The first word you see is your vibe for spring. pic.twitter.com/zt5yWDz5tW,516,175,1433,"{'hashtags': [], 'urls': [], 'photos': ['https://pbs.twimg.com/media/ER1VzCgVAAEtv77.jpg'], 'videos': []}",starbucks
1234599361708843008,2020-03-03 03:30:00,Are these mist-erious cloud tweets going *over* your head? ,64,69,778,"{'hashtags': [], 'urls': [], 'photos': [], 'videos': []}",starbucks
1234569162627985415,2020-03-03 01:30:00,Tomorrow looks like the perfect day for cloud gazing. ,45,102,953,"{'hashtags': [], 'urls': [], 'photos': [], 'videos': []}",starbucks
1234538967376240640,2020-03-02 23:30:01,Tomorrow's forecast: Cloudy with a chance of caramel and mocha drizzle.  ,34,179,1691,"{'hashtags': [], 'urls': [], 'photos': [], 'videos': []}",starbucks
1234508767632515074,2020-03-02 21:30:00,Are those clouds we see on the horizon? ,60,77,1023,"{'hashtags': [], 'urls': [], 'photos': [], 'videos': []}",starbucks
1234478568450613251,2020-03-02 19:30:00,,58,252,2103,"{'hashtags': [], 'urls': [], 'photos': [], 'videos': []}",starbucks
1234163206899167232,2020-03-01 22:36:52,"All month long weâ€™re spotlighting the women in our lives who inspire usâ€”our friends and family, our mentors and our heroes.  http://sbux.co/WomensHistoryMonthÂ â€¦ #WomensHistoryMonth",18,68,350,"{'hashtags': ['#WomensHistoryMonth'], 'urls': ['http://sbux.co/WomensHistoryMonth'], 'photos': [], 'videos': []}",starbucks
1233768894562738176,2020-02-29 20:30:01,"Typical Saturday: 
#LeapDay Saturday:  

How are you treating yourself today? [emojis only!]",300,104,1512,"{'hashtags': ['#LeapDay'], 'urls': [], 'photos': [], 'videos': []}",starbucks
1233391407529893889,2020-02-28 19:30:01,Think we can all agree that iced coffee.,377,7341,27431,"{'hashtags': [], 'urls': [], 'photos': [], 'videos': []}",starbucks
>>>>>>> amazon_reviewlink
